<?xml version="1.0"?>
<config xmlns:xsi="http://www.w3.org/2001/XMLSchema-instance"
        xsi:noNamespaceSchemaLocation="urn:magento:framework:Acl/etc/acl.xsd">
    <acl>
        <resources>
            <resource id="Magento_Backend::admin">
                <resource id="Perspective_Holidays::holidays" title="Holidays" sortOrder="100">
                    <resource id="Perspective_Holidays::manage" title="Manage Holidays"/>
                </resource>
            </resource>
        </resources>
    </acl>
</config>
